{
  "headers": [
    {
      "source": "/(.*)",
      "headers": [
        {
          "key": "Strict-Transport-Security",
          "value": "max-age=63072000"
        },
        {
          "key": "X-Frame-Options",
          "value": "SAMEORIGIN"
        },
        {
          "key": "X-Content-Type-Options",
          "value": "nosniff"
        },
        {
          "key": "Referrer-Policy",
          "value": "strict-origin-when-cross-origin"
        },
        {
          "key": "Permissions-Policy",
          "value": "geolocation=(), microphone=(), camera=(), usb=(), serial=(), hid=(), payment=(), autoplay=(self \"https://www.youtube-nocookie.com\"), fullscreen=(self \"https://www.youtube-nocookie.com\"), interest-cohort=()"
        },
        {
          "key": "Cross-Origin-Opener-Policy",
          "value": "same-origin-allow-popups"
        },
        {
          "key": "Content-Security-Policy",
          "value": "default-src 'none'; style-src 'self' data:; font-src 'self'; img-src 'self' data: i.ytimg.com; frame-src 'self' https://www.youtube-nocookie.com; child-src https://www.youtube-nocookie.com; frame-ancestors 'self'; object-src 'none'; base-uri 'self'; form-action 'self'; script-src 'self' 'wasm-unsafe-eval' 'sha256-0ZPWGBTswV1da0igpwHs4KlX6B0unumv+9TRdupUToI=' 'sha256-7hU1nhtHxQh8ziW5xcD1HB2QhOc24LKd7TLXNfXSCcc='; connect-src 'self' https://*.make.com https://*.goatcounter.com"
        }
      ]
    }
  ]
}